epoch,train_2to3_total,train_2to3_cart,train_2to3_v,train_2to3_angle,train_2to3_speed,train_2to3_joint,val_2to3_total,val_2to3_cart,val_2to3_v,val_2to3_angle,val_2to3_speed,val_2to3_joint,train_3to2_total,train_3to2_cart,train_3to2_v,train_3to2_angle,train_3to2_speed,train_3to2_joint,val_3to2_total,val_3to2_cart,val_3to2_v,val_3to2_angle,val_3to2_speed,val_3to2_joint
1,0.06285729386303344,0.059317338958750535,0.014401934273471986,0.03986708937287561,0.09992744068235711,0.03532497546877022,0.016715896865114186,0.013503365863401156,0.0011729639716064318,0.005642429565807852,0.03803674809825726,0.03203625614062334,0.08268015383294335,0.07976961392840301,0.030504362430584468,0.04133182507221023,0.1143973559991997,0.028992688921452674,0.023280759318134725,0.01878224019534313,0.008506904792739078,0.004519229896593457,0.032062881936629616,0.044851499096227765
2,0.013719865207180933,0.011072296242482592,0.0011226559478849213,0.004594330250660682,0.03060990072970773,0.026392409215784736,0.00719696237371327,0.004665587157106552,0.00035907678997878416,0.0007245321388696679,0.01577697713405658,0.02522370104606335,0.02699240245051498,0.021715370139084113,0.008625968953703794,0.007024512471010287,0.03830858029678096,0.0526456987761237,0.02683668514379324,0.021128592021667805,0.007194370364931484,0.0055725413407437885,0.044591803199205644,0.05694318075592701
3,0.009014336462707523,0.006897132932840858,0.00046825273229954707,0.0017055043661255492,0.022304512071710678,0.021084719619219316,0.010558359659253022,0.008490210649772333,0.0004981487374887086,0.0018247037406604833,0.028318840246169995,0.020587939243668165,0.02337049233244249,0.017427248864457654,0.007319924898767545,0.004687991866016945,0.031053312111323998,0.05930481042230019,0.02043059225886678,0.014285444837206831,0.006359935329200175,0.003582194615050983,0.024537648504170086,0.06131152252260691
4,0.010037916548619116,0.008139460595514349,0.0006707550979447177,0.002767330947666958,0.024340160153691233,0.0188948631654551,0.005745973139523695,0.0038316514498243728,0.00020449315044784153,0.0004470049767778852,0.013614623305889277,0.019046576705594093,0.0216743919055587,0.015583895573702952,0.007009704434528464,0.004249057727851503,0.025798649216691654,0.06077662406972161,0.019706359073424187,0.013305052661169797,0.006103630464610596,0.002928794353815297,0.022948099945027094,0.06386947951828822
5,0.0063493632981668656,0.004554469509906837,0.0002485385411551918,0.0007094872476663124,0.015804749401861135,0.017858249951659896,0.00559475002452158,0.003723907379958874,0.00020407568379782906,0.0004593112147025143,0.01316070418136242,0.018610366267892413,0.020278798861797027,0.014102903370067109,0.006803003676957163,0.0034774505439139672,0.022244697543045068,0.06163024050356061,0.018343374079379898,0.011937667275420748,0.005907227875678263,0.002695679502301993,0.01873039824362749,0.0639174790121615
6,0.006569411006273219,0.0048280148651956775,0.00025452094511517015,0.0007223324908319441,0.01684931069497525,0.017322883073148537,0.007812621895796977,0.0059655395885690665,0.00027349996022306953,0.0009839655853843747,0.02080022758589341,0.018373542507059682,0.01991297842440322,0.013714022497520035,0.0067547497958991174,0.0033418908708061977,0.021153308954204857,0.06186070880726164,0.018623062099019688,0.012336854840843724,0.006036124450754589,0.00279430279661961,0.01961431594995352,0.06271988085399453
7,0.0068416898483755414,0.005128061680560127,0.00027850840124750745,0.0008345235811573753,0.017729165978200824,0.017044830443567516,0.009142499297666244,0.00741503723204518,0.00043623737963991094,0.0015051295400227015,0.024904940229577895,0.017176390977767415,0.01936576255298231,0.013172136008865947,0.0067474173930226426,0.0033315245207991267,0.019035825321887745,0.061807300286068595,0.01705125483493201,0.01079457796489199,0.005886394924742397,0.0025802641119718407,0.014472203830686899,0.062427169953783355
8,0.006851120816003301,0.005153299649217293,0.00028135021066078974,0.0008442412757255097,0.017799315238256515,0.01688682617056241,0.006899137867805667,0.005099714279938967,0.0002463371261584167,0.0005271135559245849,0.01835928148088547,0.01789469045634644,0.01941265560180685,0.01321002394737055,0.006735157155443305,0.0032480482247738557,0.019403370709537907,0.06189731602200571,0.01742100128187583,0.011318211449692264,0.006026632207720421,0.0027450563427872765,0.01567620423455269,0.06088894247435606
9,0.0060184947818655654,0.004330241114165588,0.00021529322423893862,0.0005934870221406325,0.015272817528450194,0.01679097159685176,0.007093815132975578,0.005386200145436212,0.00028297478629377647,0.0005636842298628882,0.019285532956322033,0.016976989554957703,0.01917914398888379,0.012975606322863403,0.006715115786739913,0.0031940965689747467,0.018653768873601047,0.06190639958475475,0.021149258726300336,0.015020779196698314,0.006450793811661872,0.0032122874492928623,0.02785536656394983,0.061143654374740064
10,0.006244400363087792,0.004563968919683248,0.00023717970561622757,0.0006568719243794611,0.01599341302385761,0.01671260020143732,0.006733487139288814,0.005025369700235434,0.0003046480302985471,0.0006749983518742598,0.01753288985062868,0.01698234891638351,0.01942447307922038,0.013224889466791977,0.006734926153669984,0.003261238400340023,0.01943737649887708,0.061866956716978255,0.01686033824434838,0.010851332702888893,0.006072775657417086,0.002515961527443813,0.014082305181102876,0.05994998338894966
11,0.0067988267674306295,0.005120614242458279,0.0002682562656524551,0.0008379029849167614,0.017733625944036945,0.016690479025221718,0.00500979344957532,0.0032981416353812586,0.0001760067799552463,0.0004242694715055852,0.011640000574959394,0.017019462801563818,0.019149274841226912,0.012977365218965267,0.006722120454615373,0.003219992576855419,0.01858099381853309,0.06159026904698507,0.01760177205627163,0.01151787050259419,0.0062046656407451686,0.002548513224890205,0.016155792424120963,0.06069738460847965
12,0.005683738925137821,0.004011628161943345,0.00019828062301521752,0.000508663845395836,0.01423606242881053,0.016629179827524005,0.00981689473757377,0.00801691652323382,0.00044350118248705537,0.0006554748438364372,0.028982711764864433,0.017896685677652176,0.018524212802955766,0.012334365995577823,0.006664419958847977,0.0030514583092924484,0.016576867484499092,0.06176957546698826,0.01855636991035098,0.012806319213734988,0.0064355529850730914,0.002848032788069059,0.019786999083291262,0.05736197920468373
13,0.0057006463800832905,0.004032165735505844,0.00019928931823538554,0.0004874812536995088,0.014356543154766163,0.016593049898352703,0.006607862732683619,0.004944271312501186,0.0003063259135113838,0.0005004756359341674,0.01755083027558449,0.01653649697963817,0.01874622931404982,0.012579869731892774,0.006708045116047961,0.003104668524170892,0.017277961478994033,0.06153478858601532,0.018443878525151655,0.012040569632051464,0.005919762018609804,0.002629059241884627,0.01922511199536996,0.06389211519406392
14,0.005573234968548526,0.003908960561176049,0.00019050630039095672,0.0004845820395631664,0.013904652946318189,0.01655072248885753,0.005624800974216599,0.003907395377516365,0.0001806963047830579,0.0004401895281402036,0.014026417253682246,0.017076205366697066,0.016495802525982813,0.010316743252419488,0.006557913737466421,0.0028021682113449284,0.009430981522862926,0.061661670823799974,0.015468417589242259,0.00918221860849418,0.00582067776961664,0.0023457606446941216,0.008754642047465611,0.06272123388659495
15,0.005319525712646866,0.0036575069628012034,0.00017494194558641965,0.0004117692991892482,0.013106721433247497,0.016528114121706215,0.005466720710198085,0.0037981231923764334,0.00018938363959582953,0.0006053707803426406,0.013224216643720865,0.016588124530151103,0.016709862205050427,0.010543168237846758,0.006571453515609818,0.0028223428603212845,0.01024217316650866,0.061538022092003146,0.015587324001945747,0.009247171791055454,0.005781963850238707,0.00232446197137156,0.009211908106524974,0.0632613320978215
16,0.005865339625965988,0.004205858965122635,0.0002078729631412662,0.0005116526463322692,0.014968638781193689,0.01650268747471273,0.005751366977794812,0.004136331218223159,0.0002920239766797003,0.0005899102741237491,0.014197408460462704,0.016051751633103076,0.016513039481561676,0.010363665346148205,0.0065673515789877665,0.002810673479904869,0.009563908192191136,0.06136495345214635,0.015742610895242065,0.009703450561620487,0.005962111135140264,0.0024028168282268616,0.010159724320356663,0.06025286909574882
17,0.005264598349494469,0.0036062657938016876,0.00016880486471586385,0.0003898619844098173,0.01297011973629533,0.016491192378632634,0.006351277745591524,0.004649366514805036,0.00022581882027831549,0.00042503908909379673,0.016844112664843217,0.01692111312578886,0.016491516254681312,0.010347279136494539,0.00656019230222295,0.0028090747238573746,0.009530198004349698,0.06131357254667415,0.015344877691509632,0.009107884676315082,0.005832961463079884,0.002340755582852767,0.008418182185731636,0.06222930597141385
18,0.0036320428494766447,0.0019808651773075077,8.667061858971094e-05,0.00016045581622075802,0.007255866594704581,0.01641908457594705,0.0038495916300095045,0.0021232071493823943,8.087104857296277e-05,0.0001723260184241017,0.007824692385605512,0.017165159752879005,0.016588094845460154,0.01046800810015864,0.006569042555013395,0.002818673431950932,0.009958515195233494,0.06107223186825896,0.015720778037435733,0.009502920575845892,0.005891719419872597,0.0023822359849313777,0.009680332341350807,0.06203875065040894
19,0.003622774234512982,0.001975068338876475,8.573523197731975e-05,0.0001560279061205047,0.007245276620565557,0.016384207735550993,0.004419167370845874,0.0027159225010575773,9.39604542509187e-05,0.00016623931496257847,0.010155369515697926,0.016931675505848266,0.016497284616631122,0.010398129505726198,0.0065794751503688775,0.0028214894499583743,0.00963163845108845,0.06086299507476298,0.01877107177502834,0.012677099472150588,0.006198481184606536,0.0026884015883880262,0.020537670033100325,0.06079948516801382
20,0.0037274259705970315,0.0020817948291854313,8.815356326477393e-05,0.00015858219050619762,0.007657400664390513,0.016363292909514757,0.0036821942686891328,0.0019840072535981354,8.02937889276132e-05,0.0001189488330288814,0.007376956192251199,0.01688295028482874,0.016676099732357227,0.010590387153278254,0.006591064506928999,0.002830068448940752,0.01033715375147208,0.06072864107741618,0.015460423158051876,0.009394801096417583,0.005990349389881326,0.002377381474033404,0.008863043541518541,0.060516459186776325
21,0.00366899568622035,0.002023034011169026,8.739753772075616e-05,0.00015884907784143083,0.007424847723019344,0.016366578345359477,0.003609865906839378,0.0018973779052686996,6.217571395749334e-05,0.00011799926990837169,0.007104810231771224,0.017025682006556637,0.016578908986699434,0.010504622861777467,0.006580159141765448,0.0028225474000655483,0.010052760117284862,0.06061442502210906,0.01585093071946922,0.009505037206392258,0.005714535729146939,0.0023981881374940993,0.01036562948511579,0.0633182108688813
22,0.0037636151997211538,0.0021198686797252314,9.108799766204075e-05,0.0001725719292512678,0.007769978894093247,0.01634448569233495,0.003625176163414159,0.0019197037700229348,8.020679519969958e-05,0.0001772840505276317,0.007003419757940066,0.016954992121706407,0.016573486293459103,0.010511698184770612,0.006575620263228538,0.002824174032552329,0.010095963659868748,0.06048943165597724,0.01620895804789586,0.01008626460754432,0.005819007438288118,0.0023628726259444077,0.012343283038204297,0.06108882943263803
23,0.003858847828886621,0.0022156447241151772,9.419531049647004e-05,0.0001780126232781051,0.008129772425479726,0.016338940571855615,0.00375462523721254,0.002080808056351275,0.00010152843195753984,0.00019728968189342713,0.007522539128191196,0.016638481601451833,0.016598777729086578,0.010556017340413858,0.006593897370305372,0.00283680198894509,0.010174875962547958,0.060299239633029994,0.015256036040134346,0.009238667956266839,0.005907897542224068,0.0023775223345206217,0.008568037134141494,0.06003490035446026
24,0.003732699872839644,0.0020901999870361187,8.931162031971055e-05,0.00016330203859215992,0.007676949402616348,0.016332039307733928,0.003210862919401664,0.0014970711289116968,5.483849993955422e-05,0.00010432430999338604,0.005560281889465375,0.017038069719162125,0.015495441685844626,0.009440180127664158,0.006547897069353501,0.00273695977797795,0.006095212637044397,0.06042411053024324,0.014557601278050778,0.008410558092575043,0.005801094530630881,0.00228815087263147,0.005861552306809104,0.061330737450566046
25,0.0037862211631116585,0.0021450933227804203,9.151190857260695e-05,0.0001674255187632904,0.007879474609917789,0.016318151207042882,0.005066513340585889,0.003388002464094032,0.00014827489800294503,0.00034247329257106263,0.012273963743773026,0.016685953775707345,0.015503314329472221,0.009456812537758163,0.006528156601111002,0.0027287715620556733,0.0062570805549276645,0.06033655875764879,0.014766164843398983,0.008637944108042389,0.0058070454936405905,0.0023079499000092396,0.006707694906836901,0.061142466675776705
26,0.0037435783133669583,0.0021013530990953936,8.91208378281006e-05,0.00017230831995950638,0.007704312402904493,0.016329075422505907,0.0038738603530547176,0.002182422602811876,0.0001039064905993515,0.00014150543080550284,0.008031053587985344,0.016814126048046045,0.015411145656001697,0.009369779695084112,0.006537546359511369,0.0027246415168823055,0.005879650243132571,0.06028522510817389,0.015078587666488228,0.008940575298112936,0.005819849377589073,0.002320537924018796,0.007841828470237745,0.06124028149180305
27,0.0036463631628897548,0.0020052743798989895,8.535542684389108e-05,0.00015080927281545614,0.007378057272023993,0.01631776002569147,0.0034254235006534518,0.0017645946996382032,9.852910779255371e-05,0.00016593103562347376,0.0063324002907253225,0.016508485178630322,0.01554098916757438,0.009509878964623275,0.006534915017704249,0.002734895696954077,0.00643006441137397,0.0601826773174567,0.01497674225948942,0.008905933946012877,0.005874567782880966,0.002327211493068787,0.00747104175388813,0.060568419786599964
28,0.003740701066289833,0.0021021382924152057,8.861853323505335e-05,0.00017261313987097467,0.007708852742741137,0.01629244122815169,0.0037782353778871205,0.002086527326192038,8.529996053906731e-05,0.00012370912419357456,0.007757491229149776,0.016815758232648175,0.015624789414743398,0.009604555547501847,0.006540299338262735,0.0027414306683500333,0.006774163501693603,0.06007398543074543,0.014893732290380659,0.00874193881948789,0.005775700192129872,0.0022973772223243336,0.007270200070566856,0.0613785149792257
29,0.0036167692735124333,0.001978604930717452,8.468977202825539e-05,0.0001597563466615903,0.007256147940355687,0.01628849319941192,0.00328206585553021,0.0016189223806111093,9.091993566611424e-05,0.00012113869375659702,0.005869732399542744,0.01653186049169073,0.015476629814926398,0.009454841501320954,0.006526194776575092,0.0027245775062409746,0.00626543195153598,0.06008944182116308,0.015580661021746121,0.009373780035485443,0.005739846768567356,0.0023106668173008636,0.00991439881424109,0.061928725335747004
30,0.0038197016613672912,0.0021817974450158667,9.30400106252493e-05,0.00018235697807764985,0.007990315760612304,0.01628581503475154,0.003682651998809515,0.0019844190116064288,7.04157778389531e-05,0.00012386045553005085,0.007408292044718296,0.016882601474674467,0.015554463756730618,0.009528877712314787,0.006521626100027474,0.0027305794986508167,0.00656784756862225,0.06012740988790253,0.014787212936565854,0.008729118080690311,0.005928562596846649,0.002314248947629657,0.006573723903737771,0.060441018285182044
31,0.002861364647590866,0.001224975278967543,5.86276414258374e-05,8.344810843774201e-05,0.004498494335559461,0.0162706006243595,0.0028740357583723008,0.0011884757953409392,5.524474818230374e-05,8.258711451885458e-05,0.004367749947003829,0.016755475871599257,0.015027489205592392,0.009017303270535015,0.006516340115383544,0.0027027764550933363,0.004598299754973225,0.059973439730611845,0.014263713042824887,0.008119763728852073,0.005760510971762974,0.002255032005520591,0.004926947011158635,0.061299797565413594
32,0.0028760295557461817,0.0012414721435404462,5.901084369601629e-05,8.648159637456878e-05,0.004556882005460837,0.01625203409370173,0.0031227084855811717,0.001444408655142746,6.52888574899034e-05,9.876278160775725e-05,0.005318953607900021,0.016682066865122087,0.015008037171131115,0.00899368893056188,0.0065049267078269805,0.0026967957632739762,0.004561457248335636,0.06001498093713581,0.014355694081108922,0.008250688553417627,0.005786912761929368,0.0022587130233893194,0.005337677030370404,0.06091073684346599
33,0.0029119720961323673,0.0012779496737718467,6.042692879373696e-05,8.826861478245306e-05,0.0046935537758133845,0.01624669846331264,0.003006560077222112,0.0013328121246722264,7.301195481163748e-05,9.358540438160372e-05,0.004852029877022291,0.016637064976235613,0.015024701515672567,0.0090070905747398,0.006504934269433301,0.0026951007080410986,0.0046184239154509095,0.06004762983547501,0.014549712829578381,0.00849783815479336,0.005843486743870949,0.0022910497783204145,0.0060353060073864,0.06037961229538688
34,0.002988216743149139,0.0013555573699435357,6.164431038030918e-05,9.294461233366746e-05,0.00498976301830147,0.01623308882519695,0.003123265711996609,0.0014370697481820409,5.8294959671911784e-05,8.677929331614182e-05,0.005341540580281081,0.016761242722471554,0.015000855558793302,0.008990597529595511,0.00650544638276951,0.0026954821820074784,0.0045496401776571145,0.059974134152318226,0.014283202448262809,0.008239212674267877,0.005828819966178018,0.0022733208673180808,0.005094928786349602,0.06030105708692318
35,0.0029360594926401973,0.0013025893948693404,5.987209834967399e-05,8.904033975453291e-05,0.004792788505042547,0.01624117940261868,0.0034178617941693235,0.0017399900765994038,6.889605524170642e-05,0.00012060413931836732,0.006443167773958964,0.016677748119363036,0.015020352875940318,0.009007383616537683,0.006510688246725081,0.0026958662931941,0.004595048878669601,0.060001188452229084,0.014233159611765772,0.00810771788476417,0.005764315122621319,0.002252034748193975,0.004869541571212885,0.06111482275315584
36,0.0029028735114951377,0.00127130323901692,5.9364392812166905e-05,8.569699762849694e-05,0.0046763614037097145,0.01622213948702003,0.0031352479052610504,0.001481841624272653,9.04191192370117e-05,0.00012433022120370506,0.0053170295790410955,0.01643431057723669,0.014982488415962844,0.008972940879534746,0.006499329944397035,0.0026968937192218562,0.00450065623132374,0.0599669567366809,0.014349209308886949,0.008248500319985816,0.005796450871947365,0.0022665243073462103,0.005275149017763443,0.060867150517132804
37,0.002897398036841395,0.0012656331590856827,5.9256371166415145e-05,8.632047971377126e-05,0.004652866193978691,0.016224013009097104,0.0030330169008662687,0.0013589104622578584,6.454140736586384e-05,8.802871189590615e-05,0.0050014187880338,0.016640658179918926,0.01502465801945899,0.009024188128001069,0.006496303221124604,0.0026953440974466503,0.0047208514275822655,0.059876241985662486,0.01429721356059114,0.008159338975719247,0.0057765743893889105,0.0022510442444259892,0.005028970038088469,0.061238561577808395
38,0.002575243212049827,0.0009450639943365169,5.169703768999934e-05,6.542128674616968e-05,0.0034426252528691643,0.016208149182299774,0.002712409185150113,0.0010282755366717584,4.9906074496109984e-05,6.752809228297944e-05,0.00377842166628211,0.016740938636641473,0.01500179872698622,0.008984328445943969,0.006490982026954032,0.0026925194995581275,0.004588346583423791,0.060046154235340196,0.014498955241810435,0.00841723956191578,0.005759560065202188,0.002254516544314519,0.006121684373237002,0.060678249750381864
39,0.002577075679760633,0.0009470283507260229,5.133815966473776e-05,6.459589846520958e-05,0.0034535689786777913,0.016206835620795137,0.002727740354692707,0.0010484001160456012,5.382905321591981e-05,7.004929088557568e-05,0.0038381856925881063,0.016692669823383674,0.01498114771531596,0.00898447579037352,0.006493746978877526,0.0026906322541267232,0.004581650737730533,0.05983826005256471,0.014330077089536458,0.00814545163526558,0.005708875807473445,0.0022272033252542876,0.005291896502081401,0.06170643135332144
40,0.0025727356238618355,0.0009437465812453288,5.159965274198143e-05,6.486354287056953e-05,0.003438860623533895,0.01619618285999254,0.002787892802212483,0.0011271296340661745,6.829752067297262e-05,7.437154594159577e-05,0.0040865853333320375,0.016506544248654675,0.014983133737710708,0.008973186666053939,0.006497057311073014,0.0026879829060312155,0.004528551634809255,0.0599708983697641,0.014241855478105254,0.00804347721919513,0.0056988942040520785,0.002218330812936004,0.004941670522571375,0.06184373342264921
41,0.0026070797484638282,0.0009769615701063434,5.1527824117879336e-05,6.511675402168888e-05,0.0035715014695327867,0.016207452213828577,0.0029280576556443404,0.0012591633757647986,6.262805002804201e-05,8.294525282391801e-05,0.00462025076819536,0.016588443758873604,0.015018180655143052,0.009009988609138002,0.006484063494739261,0.0026865548721549137,0.004730590762869444,0.05995336027792943,0.014211319715309983,0.008180703000667004,0.005819042336206155,0.0022691659400245557,0.004908311097190166,0.06016709833429792
42,0.0025731688983347497,0.0009432409860892221,5.118374872521891e-05,6.378366557597744e-05,0.003440661614553796,0.01620549599950512,0.0027602105849207593,0.0010879045615020471,6.17861791957134e-05,7.438720972575725e-05,0.003955699109400694,0.016622446859494235,0.01492462404658673,0.008927501648963417,0.006482452282072677,0.0026811847465406,0.004417827924897457,0.05984270446186448,0.01433654825310581,0.008251218999831531,0.005788002790256705,0.002256279080962159,0.005340306446529352,0.0607139414940507
43,0.0025524097961160917,0.0009231310625945758,5.0479783309173745e-05,6.302543184619373e-05,0.003364554250664595,0.016198989394822238,0.0026973799193421234,0.0010212786385240273,5.746418279765445e-05,6.867289756393383e-05,0.003717912038644919,0.016660270382626317,0.014911835823484041,0.008900402917204724,0.0064870415673660186,0.0026797457678275137,0.004293953772795237,0.059985714953070805,0.014152747975925032,0.00794438179433107,0.0056707111984089864,0.0022071064665793436,0.00468046950080838,0.06194373744372756
44,0.0025904515490832703,0.000961438395739763,5.1007197349845004e-05,6.466076408770154e-05,0.003512403257277415,0.016196346519813862,0.002790672967258172,0.0011247310068052358,6.132352670344214e-05,7.714149988038489e-05,0.004099346906281052,0.016558523564480055,0.014951726875877307,0.00894209213718703,0.006477729261444629,0.0026812515763011127,0.004494948424025221,0.05996770109337421,0.014178784038776007,0.008153726099035105,0.00581094243665202,0.0022639854172060345,0.004843164092073074,0.06011150284216572
45,0.0025682657867969003,0.0009387810838503625,5.046788143693976e-05,6.264815392906139e-05,0.003427956499774469,0.01620103323970128,0.0027211608681588983,0.0010440255163046413,5.187614137050845e-05,6.49127308954634e-05,0.0038387720198489917,0.016670810130353157,0.014931959554231093,0.008935791453243129,0.00647963027909605,0.0026804319267408395,0.004463780813643502,0.05983311263269481,0.014274524578538079,0.008067462432126585,0.005673736933460578,0.0022235581184362765,0.00512778584081202,0.061930874470048226
46,0.0025730480797111666,0.0009450364822340715,5.128282755097722e-05,6.401294528283567e-05,0.003446988729806042,0.0161863176157859,0.002722091211650807,0.0010513654918983006,5.4296589753040535e-05,6.715518620927841e-05,0.0038539652461902453,0.0166062323603397,0.014882321092932497,0.00887953413055382,0.006466091923986239,0.002674073555861042,0.0043056218146151045,0.05989931707764849,0.014299334316418912,0.008117490289852215,0.005696149954765599,0.002229139966985736,0.005227082038823611,0.061678660329049215
47,0.002558498929706,0.0009292219769077399,5.0274285771548074e-05,6.297715516003886e-05,0.003389836464330186,0.016198901333098793,0.0026963134296238422,0.001025895237361487,5.403933188902626e-05,6.9252373857755e-05,0.0037489188894725,0.016603294688348588,0.014894471314080336,0.008883934771285656,0.00646142757218906,0.0026749937497237467,0.004340041271428129,0.05997667204082748,0.01446524463319339,0.008333982108757855,0.005729323445848422,0.002249939932087914,0.0059187552079749415,0.06117274328015554
48,0.0025312235840469783,0.0009036661811276443,5.012556067851148e-05,6.158662244509029e-05,0.003290989240746439,0.016181733295390452,0.0027010800355734923,0.0010153257574599523,4.369811188390043e-05,5.7087277477526535e-05,0.0037723360284685325,0.016756576103850816,0.014880720669702615,0.008874830834418075,0.006471120084802631,0.002676566173990809,0.004261710665211725,0.05993029079687448,0.014121699693182914,0.008009517426566722,0.0057464374754206985,0.002229210037069443,0.004593899491457985,0.06098202927611195
49,0.002559148688171128,0.0009316527187669029,5.0295034804021046e-05,6.273558448563922e-05,0.0033999595677560585,0.016181159028668464,0.0026821925674971095,0.0010078666501869566,5.479190938272857e-05,6.177154682518449e-05,0.0036887558750235117,0.016642677197710443,0.014876229215677782,0.008863433829025814,0.006462788413405234,0.002670888895712172,0.0042608037898546934,0.059999251565723506,0.01422457549816523,0.008064448511084685,0.005712201490472906,0.002227620244808256,0.004953747555517998,0.06146121078815598
50,0.0025463509323063916,0.0009182532546814692,5.013374032578101e-05,6.0603956783633755e-05,0.00335127013925187,0.016187107385952533,0.002697500994261832,0.0010188282661450405,4.960136776879573e-05,6.583726971234099e-05,0.0037452330191930137,0.016685999661254194,0.014695060922315827,0.008682891222027441,0.006454919239511156,0.002663614271304938,0.003584659500277521,0.059992979315144045,0.014135327285681015,0.007969544990024028,0.005708898637796012,0.0022188650049755755,0.004604854985164144,0.061517568985716656
51,0.0025302235537961724,0.0009021632312969477,4.9899968349496635e-05,6.098232106411654e-05,0.003287088414826603,0.01618675362997125,0.0028685814229389415,0.0011884522585508723,5.375807799842173e-05,7.580538658658043e-05,0.004387165939148802,0.016700386051804975,0.014667753924983611,0.008662381386211901,0.006453879495556639,0.0026636171624650836,0.0035067732168511017,0.059925034941162594,0.013991165879325798,0.007820787226172307,0.005701235677873065,0.002208220282810567,0.004061765622538634,0.06156367890966626
52,0.002532345952069456,0.0009035711824523147,4.964831480349487e-05,6.13693510438028e-05,0.0032929527748629082,0.01619380186771813,0.002802829461124463,0.0011186444197590344,4.720570443448825e-05,6.076838447673557e-05,0.00416421808469563,0.016741467060712285,0.014676583117380002,0.008664149597695351,0.006453558365328606,0.0026590368224675824,0.0035242912450080943,0.05999557433626902,0.013972345745573059,0.007806779330190367,0.0057028670981265185,0.0022097531856651097,0.003996142550395467,0.061515694902015805
53,0.0025093162908034834,0.0008819673936540997,4.9584805422870696e-05,6.0156858620039087e-05,0.0032092166366055608,0.016179581813767184,0.002674827317838581,0.0010076158214360476,5.730049029714279e-05,6.336856905620199e-05,0.003674524209390466,0.016571012092754245,0.014675268588622135,0.008669820137718623,0.006454393681193368,0.0026640963704177224,0.0035335131041291687,0.05992574466070459,0.01396095866146378,0.007780389358791022,0.005679337772912381,0.002200099606759464,0.004004007294917336,0.061665767254546665
54,0.0025535794190579544,0.0009264209017410506,5.0020475448687696e-05,6.143774217092375e-05,0.0033827262268010757,0.016177733575373335,0.003061703134638568,0.0014028668206614943,7.387756456340027e-05,8.959898929251955e-05,0.005136759050238209,0.016487366740758985,0.014666941396340175,0.008652980899995905,0.006453828817883069,0.002659475113219225,0.003477657926671299,0.06001080127639903,0.013998916874138208,0.007842090613662433,0.005681535024986937,0.0022148194552872344,0.00421258293163891,0.061428443576471925
55,0.002502932783825622,0.0008767971838680728,4.939503814630034e-05,5.9176781885778633e-05,0.003191255020799782,0.01616757018721582,0.0026366901151143396,0.0009617755213418069,5.400012361907359e-05,6.586270095655121e-05,0.003499376163698542,0.016648287198339135,0.014657098973848294,0.008644044186551998,0.006444349510230147,0.0026580107807581323,0.003482757237550147,0.06000177164412575,0.014053470320784701,0.007928070618221775,0.005713427493994972,0.0022205031535309106,0.004417566391520011,0.06111431037051938
56,0.002519163299843462,0.0008918775639347272,4.9434836870923506e-05,6.059448450859809e-05,0.0032485819394401285,0.016178952923826415,0.002634527837821784,0.0009581374694020129,5.282312406798622e-05,6.1420554303391e-05,0.0034984162925050044,0.016662988907251604,0.01465898350795248,0.008648108696726001,0.006444941402375583,0.002656873542295171,0.003498922120837242,0.059979982760355426,0.014070309259785483,0.007843895395919204,0.005645890901387947,0.0021927034178635296,0.004406610873933786,0.062123929747404195
57,0.0025463495640670538,0.0009195406502256469,5.021134022711151e-05,6.193141126897428e-05,0.003353454417658303,0.016174152295139653,0.0028209770277429084,0.0011483344789713812,5.4317897919622155e-05,6.0200168800059684e-05,0.004255665985580821,0.016625170124312624,0.014657228141678151,0.008643038639149133,0.0064402378356820085,0.0026564807638261513,0.003498241708493205,0.06001308556922056,0.014032873829516271,0.007861279798910404,0.00569190311309798,0.0022080409239256717,0.004261424902301186,0.0615757897329063
58,0.0025000387614443438,0.0008732815413954265,4.8992504117102074e-05,5.9454180352335195e-05,0.0031782477881391476,0.01617370913506566,0.002691809643203249,0.0010149936678293997,5.301069524695124e-05,6.277575616527778e-05,0.003722380381077528,0.016667053467617966,0.014661051259652056,0.008635424414899683,0.00643710360393779,0.0026498990750334077,0.00349348509988897,0.06012739675740401,0.014077830468662657,0.007981123031081202,0.005754812950376968,0.0022318617053455315,0.004441516933580622,0.060827295713795304
59,0.0025262497793049495,0.0008992080438025526,4.946059753921064e-05,6.02168797011046e-05,0.0032785560276048877,0.016176500593392568,0.0026640062077114214,0.0009829754171033318,4.530481322571853e-05,6.033687812025444e-05,0.003630008638048401,0.016709537591594152,0.014653028980656355,0.008642097008069631,0.0064455455565756116,0.0026560184978060767,0.003474168903424324,0.059980515775811157,0.013985542458100006,0.007815098542218598,0.005674194922786951,0.002200311021647977,0.004162992601497815,0.06156459355201477
60,0.002536571542243761,0.0009095287690640508,4.938439880990902e-05,6.03844811152674e-05,0.0033198085111956813,0.016176451558109234,0.0028246799871946373,0.001149562941207431,5.917319870208396e-05,6.498167213300266e-05,0.004231595619318959,0.016650243148876306,0.01454361068389528,0.008533547303271423,0.0064360833432910575,0.0026499025615645045,0.003090050731164714,0.0599718073061035,0.013938241190491961,0.007752776857859527,0.005661402763461154,0.0021940165662295515,0.003977463723948369,0.06171473374781318
61,0.0024669246405311343,0.0008405741673526297,4.817902451274373e-05,5.712341067852254e-05,0.0030553337462522366,0.01616962028402881,0.002850955417857338,0.0011891406074237938,6.738744624994863e-05,8.335567998493879e-05,0.00432030128267331,0.016516999025136616,0.014530986527348926,0.008507976011677795,0.006421419956798975,0.002646954367612776,0.003052315632324022,0.06010123149112419,0.013929703648990164,0.007785618339533893,0.005695763981864916,0.002211414058621859,0.003936589408952456,0.061301018147227854
62,0.0025181106822047797,0.0008918948300516256,4.877640844544074e-05,5.8662411632852765e-05,0.003255148862350594,0.016168236919322315,0.0026061766503307107,0.0009361669997302577,5.185670923497244e-05,6.02784972822216e-05,0.0034166841875188625,0.01659923434878389,0.014546087618204362,0.008532557894481508,0.00643387271873193,0.0026489461315465216,0.0030968485264981417,0.06000646484302886,0.013945176131808413,0.007796736150526275,0.005685735356308168,0.0022057226809314066,0.004032558164535425,0.06134475286429127
63,0.0024762458227615067,0.0008501365716514511,4.851827093205676e-05,5.730918613231933e-05,0.0030918548244373576,0.016167157200268574,0.0027024380188100995,0.0010329181319460846,5.6616298024891876e-05,6.850443414572137e-05,0.0037681984667403577,0.01659423403012065,0.014543820513170902,0.008523412058877263,0.006426553327423509,0.0026483987493980906,0.003090637440672489,0.06007519678247196,0.013907076722273651,0.007760254673671742,0.00570205823052488,0.002208451112939003,0.0038158836213346473,0.061328354816979326
64,0.002520570514600057,0.0008944835891820675,4.8885061712806215e-05,6.0051889277805634e-05,0.0032622903300863174,0.01616692603968176,0.0026463803966553547,0.0009831953241537588,5.981083958408234e-05,7.142247397076481e-05,0.0035506929867924787,0.016530876143429525,0.014530092492170724,0.008522290749371879,0.006430679526579578,0.0026501175142820336,0.0030662098714081504,0.05994918400904647,0.013961334569522968,0.0077522430398788015,0.0056595485510535165,0.0021920573031261135,0.003986663316400387,0.06195062413238562
65,0.0024501015054907097,0.0008234632938789824,4.777347254994423e-05,5.6071433256740284e-05,0.002990616422238541,0.01617251485183743,0.002684817195702822,0.0010123973076518339,5.130086260461935e-05,6.99755569840841e-05,0.003704434660717081,0.016623229146576844,0.014550693348958444,0.00853219450980333,0.006431707106121057,0.0026483898093121955,0.0031051700553902783,0.06005609813893651,0.01392653986859398,0.007736221091666569,0.005655250125038527,0.002192493011254835,0.003938898133734862,0.06176315652779662
66,0.002490658921341952,0.0008644389145271738,4.8279891006480026e-05,5.753883858603701e-05,0.003149558420660963,0.016168268253727826,0.0025840188027359545,0.0009217452144441315,6.24599963371927e-05,6.178208217860606e-05,0.0033135767130611036,0.016521757367090918,0.014539406702416822,0.008524531084270918,0.006425443176901612,0.002645714679893888,0.003104922307057329,0.06001988698348955,0.013898053821415091,0.007706629054155201,0.0056579535145992385,0.0021918745185244824,0.0038109530861943196,0.06177415726228784
67,0.0024687195937637884,0.000842966291303229,4.77213069879562e-05,5.597364823772273e-05,0.0030690326425821786,0.016163581312507575,0.002820596346655526,0.0011425259752939336,4.773637410602159e-05,5.5319892336951736e-05,0.004268518625161586,0.016680212524265815,0.014548864471438674,0.008522729306728982,0.006430740070631325,0.002645519308125698,0.0030769182952626803,0.060132435235528296,0.013902664614411501,0.007771911072688034,0.005714163485535186,0.0022097052531488514,0.0038115798722570524,0.061167593663319565
68,0.0024541503150464486,0.0008281004630578221,4.774395625241191e-05,5.618041137091091e-05,0.003009065203109963,0.016166541308601512,0.002769177167628629,0.0011229136113960964,7.604352790972021e-05,7.927866205976058e-05,0.004028922997606106,0.01636194489681377,0.014528479296311644,0.008514119634824449,0.006434664532274904,0.0026484826823299818,0.003020855004577265,0.06001467245090523,0.013888060064532626,0.007717172024198449,0.0056793553058247575,0.002198437154127019,0.0037543927558148517,0.06156870889931153
69,0.002472647385640116,0.0008467256379339637,4.81095376466171e-05,5.6633969428349016e-05,0.00308119646779457,0.016165253246364034,0.002587459260562005,0.0009080420810884485,4.3407473687040736e-05,5.309154179345709e-05,0.003352355352268578,0.01669327413233427,0.014531334037145164,0.008515361654083531,0.006429412186628691,0.002649327310522225,0.0030451432038615975,0.060030866517788835,0.01389540130427728,0.007735399659185742,0.005683520866813734,0.002201922242863638,0.003803670704842378,0.06146001204466208
70,0.0024945399792933903,0.00086802046046805,4.850371230228726e-05,5.740891138424401e-05,0.0031632491650439246,0.016171265436612344,0.00264131707790045,0.0009565075877337501,3.9086576436649266e-05,5.368846797911176e-05,0.0035623070927193533,0.016747175154682152,0.014531548415241693,0.008503326328031512,0.006418471320001926,0.0026425338493240424,0.0030543522939465387,0.06015325841252451,0.0139060121250506,0.007757939696789552,0.005700088247417275,0.002209970093621777,0.0038114659822522066,0.0613406548778025
71,0.0024703223194300346,0.0008437481484617348,4.7613331383970184e-05,5.5380447946968894e-05,0.00307377837497718,0.01617174300963036,0.00279801671142475,0.0011132582186315304,4.368459289812913e-05,6.85243035733061e-05,0.004141245849239521,0.01674678689465882,0.01451699821749863,0.008499312072986575,0.006422304337050904,0.0026472967465114954,0.003013437418382109,0.0600479521708172,0.013925754220392078,0.00775790067974669,0.005676158127990232,0.002196708429647305,0.003933553183928897,0.061538707321653
72,0.0024490828049530127,0.0008235366468498898,4.727718535349719e-05,5.516700748333357e-05,0.002994703825269998,0.016161475310470037,0.0026518864458641754,0.0009837267944254936,5.765730434293987e-05,6.530903388361017e-05,0.003573659896993866,0.016580592811059874,0.014519944502454665,0.008499175645008591,0.006419793846384611,0.0026416090699013343,0.003034308975286506,0.060078781845484985,0.013887305857422642,0.0077315923841431355,0.005691498611038417,0.002203666732711076,0.003753041305268804,0.061416990732630856
73,0.0024483428558731385,0.0008222988895054355,4.749291038361089e-05,5.501570224926885e-05,0.002989192508350782,0.016166458530121563,0.002801341404660772,0.0011318242341542665,5.552478358321166e-05,6.486774812704728e-05,0.004175462258549837,0.016594117638678886,0.014479721817302943,0.008465369055938712,0.006432236104709223,0.002645041009577934,0.0028424498058832537,0.060014596197432206,0.013873551154318146,0.00770209368186979,0.0056783353872490875,0.002198428824787977,0.003698175170052892,0.06157438874913332
74,0.0024521173894934264,0.0008265876004984028,4.744026387296473e-05,5.490617986427502e-05,0.003006776988816758,0.016161319480657025,0.0025741584787073615,0.0009009802418474394,4.872338078525783e-05,5.848989418994349e-05,0.003292047669394658,0.016630918032322556,0.014460491822791044,0.008441272101876682,0.006416764103499942,0.002641387765452461,0.0028152564406843375,0.06006324773562359,0.013883875709815094,0.00769943296789932,0.0056527452229485605,0.0021912852158166994,0.0038041806576821283,0.061704480077307194
75,0.0024778292030038563,0.0008531586496291659,4.771417521893724e-05,5.698466585822587e-05,0.003107808568417152,0.016152724109153138,0.0027269265220428887,0.0010585569110937798,5.2537867910965964e-05,6.886801612638056e-05,0.0038863401442097547,0.01658269278227519,0.014477024840788893,0.00845374749113955,0.006422212119947222,0.002641720235754483,0.0028427010854809647,0.06010383154828975,0.013902060768137185,0.007715633471842664,0.00565224395261164,0.0021892142633591085,0.003875129515878283,0.06172434871013348
76,0.0024595512882059005,0.0008346779655699653,4.750197626609732e-05,5.592797611982714e-05,0.003036848003516135,0.01615479658645244,0.0025566530813916754,0.0008873184650348356,5.1894382616013994e-05,6.13109629902726e-05,0.003219074396512065,0.016592560646434624,0.014464149961569979,0.008440498966166037,0.006419600383701941,0.0026403238213934394,0.0028029468397747863,0.06010751533149569,0.013864002324855672,0.007679849469031279,0.005654919375863243,0.002192575563430392,0.0037145684115015543,0.06170146172054303
77,0.0024750360972564207,0.0008497656735140302,4.7941956291865215e-05,5.7569716279240426e-05,0.0030921554296380943,0.01615876855938063,0.0025682656172042093,0.0008858763150130518,4.2822195819798464e-05,5.314118541905489e-05,0.0032659341067744372,0.01672290478092738,0.014464381596441438,0.008439123619025872,0.006418331553167836,0.0026398628472600614,0.0028034425800505243,0.06012361559924888,0.013856227846983343,0.0076590380123935835,0.005659852050671478,0.0021885318749413365,0.003619680121445503,0.06183174097289642
78,0.0024306048911473034,0.0008053337667571427,4.696580930455785e-05,5.4223531499443245e-05,0.002925024771729461,0.01615871629608726,0.0025830784385713437,0.0009115068794180376,4.7568916682230803e-05,5.617105377426084e-05,0.0033434097392436787,0.016614658567003716,0.014481493110917969,0.008453605798602012,0.006428998523825826,0.002642130886490549,0.002814167424214337,0.06014988923238383,0.01384925892134794,0.007670961974117045,0.00566789843919534,0.0021924548643418793,0.003627344440573301,0.06164281115604517
79,0.0024268453916316325,0.0008017738650834625,4.730983306935853e-05,5.435592331959475e-05,0.0029091442889177506,0.016156707065363908,0.002769745360964384,0.001098643071973362,5.205046034881469e-05,5.7094289355191926e-05,0.004072181862564041,0.016609498747409537,0.014458501556267342,0.008437273021425225,0.006417697771987015,0.00263929387492007,0.0027997133036052097,0.06008332289962305,0.01385527182645045,0.007682914275508852,0.005676788777259973,0.00219674895262683,0.003631004257700764,0.06158345070882486
80,0.002429375227721822,0.0008045235876192304,4.6914844646111034e-05,5.3787033092377876e-05,0.002922860908402521,0.016154568009998326,0.002575538627122744,0.0009101159879579567,5.207818427758563e-05,6.021570199011013e-05,0.0033117198050977327,0.016553226225555707,0.014465260543619041,0.00844243184927805,0.006421298662992482,0.0026441429586999154,0.002796246770792353,0.060099353093975856,0.01385838769447918,0.007677544878485302,0.005671117435644518,0.0021943813295272263,0.0036369470986895836,0.061668188454440005
81,0.0024555332740958504,0.0008311082727928289,4.7516192050049234e-05,5.552610174938174e-05,0.003023316121493455,0.016150358848756662,0.0025501220490043172,0.0008724881127142372,4.338050769384165e-05,5.305551418971915e-05,0.0032103193553689965,0.01667550061112986,0.014456309212866112,0.008439662797307526,0.006418943826977256,0.002641609494422022,0.002799656854390546,0.0600375289235402,0.013930481715271106,0.007743668387261912,0.005664785786370302,0.0021939034490153575,0.003927723307592364,0.06172782895513452
82,0.002419926484480477,0.0007955833303348311,4.70670490841134e-05,5.398234410407625e-05,0.0028861004422292297,0.016149470746448194,0.0026989601528606354,0.0010195374966431886,4.3316621789320685e-05,6.266628975609843e-05,0.0037795509307239302,0.01669353579218762,0.014463787782005966,0.008433195038692864,0.0064167775629436095,0.002637378052401609,0.002790913825860408,0.06017692927501084,0.013854036310639901,0.0076814243190874085,0.005674938100128202,0.0021962126015867586,0.003633519622664421,0.06158603340960466
83,0.0024416333705439795,0.0008175518467194504,4.704212509481025e-05,5.4637028510406694e-05,0.0029727648246607938,0.01614682676477565,0.0025566305386093566,0.00087487906551896,4.046399000146313e-05,5.028106767358856e-05,0.0032370981628982685,0.016716362192080572,0.01447285350015456,0.008449108075396514,0.006425812397436757,0.0026443157108632827,0.002804551262086556,0.06010845102323794,0.013862888486936497,0.007682127146742856,0.0056665639508420825,0.002194874829747744,0.003672503078213105,0.06166738061568676
84,0.0024139827338656708,0.0007894154593857282,4.689819043949369e-05,5.306822490245305e-05,0.002863932631616653,0.016151670699962126,0.0026209132166770408,0.0009548565378794685,5.629348883163542e-05,6.124953501850355e-05,0.0034717531122553805,0.016559545088034026,0.01442638764238376,0.008400168948962042,0.006409127048193765,0.002635591379298547,0.002692984905737786,0.06013318578954096,0.01383321454975372,0.007660816265389514,0.00567217318353076,0.0021952613806672907,0.003564049483826145,0.06158387496207769
85,0.0024464740558027254,0.0008220017677816896,4.6806155762483903e-05,5.460425079855881e-05,0.0029915739425722464,0.016150708962806765,0.0027376432419539644,0.0010610175205585666,5.14237711589279e-05,6.377869109341051e-05,0.00391081760589702,0.016665295106717028,0.014435803872694112,0.008407704496934412,0.0064153129496844485,0.0026418650696642646,0.0026858359874214655,0.06015197983310546,0.01383415523629922,0.007659749053299236,0.005670159426419839,0.0021933493875015606,0.003571659529533906,0.061603965381017096
86,0.00244544525623586,0.0008211520566593533,4.739058313471442e-05,5.449953931491581e-05,0.0029860468147276543,0.016148913151550072,0.002547326614148915,0.0008721418166831613,4.446546594968263e-05,5.4464628145722556e-05,0.003201776148321537,0.01665086202466717,0.014435820452535502,0.008416948815589242,0.006423770789959595,0.0026420983025965132,0.0026885154441481937,0.060059756925904456,0.013831087767194288,0.007635330391797022,0.005651066818688541,0.0021877771911628465,0.003561499606197079,0.0618174000380513
87,0.0024204643171591065,0.0007952617265407663,4.636581062512073e-05,5.369218114886022e-05,0.0028881992998153524,0.016158021302364857,0.002516423750561304,0.000839978925143488,4.446519152714665e-05,5.180644429623125e-05,0.003078442043027817,0.016663423888624098,0.014442577434956659,0.008414727061509765,0.006420806904192612,0.0026397304901354486,0.002696219647021527,0.06014950852266249,0.013827427559030743,0.007643967053482834,0.005662307735922066,0.0021907250739343744,0.003545187515182755,0.06169445594199575
88,0.002393657203266443,0.0007705640085156502,4.646706884159357e-05,5.190493675961337e-05,0.002792577880842864,0.016137028026773973,0.002561429264740302,0.0008901584003932583,5.168134654153479e-05,5.806285405877786e-05,0.003237782499920099,0.01661155197936564,0.014421654336246443,0.008400778811465212,0.0064124332027320095,0.0026378686136327525,0.002677645347437557,0.0600797898699472,0.01383088021658552,0.007636782102800237,0.005649402243038938,0.002186001929891436,0.0035775152799219657,0.06180084217339754
89,0.0024266489343085316,0.0008020593269503917,4.635465411186566e-05,5.323064951768668e-05,0.0029163573887256654,0.016151919213618027,0.0024935033035058626,0.0008317846476506346,5.483182747831541e-05,5.718781591358726e-05,0.002993435646669987,0.016516292431893256,0.01442674765461067,0.00839438570956527,0.0064074122476288015,0.0026337989714833115,0.002680295908013014,0.06019460469093404,0.013841214121128313,0.007681957108732791,0.005683308853034619,0.002198512032872457,0.0035975689593798076,0.06145257502794266
90,0.002423090832940314,0.0007992772732927452,4.680399771120987e-05,5.380448136646818e-05,0.0029022841359327696,0.01614415766901256,0.0026187879445317844,0.0009505516052461014,5.251781912636197e-05,6.029046884437915e-05,0.0034715542271255683,0.016581034837051842,0.014424721267718224,0.008409550330130222,0.00641956581445957,0.0026421509808889462,0.0026756361095280744,0.06002274724758334,0.01383540583237146,0.007644560425363194,0.005656703724479228,0.0021893487580363843,0.0035727292550011324,0.061768285846576475
91,0.0023995123937996217,0.0007762813174962009,4.6394512049085245e-05,5.3054293228926306e-05,0.002813438633399337,0.01613839015790066,0.002704872163191724,0.0010187062464702206,3.93425093301257e-05,5.183071110737868e-05,0.0038137935125865997,0.016761028685439855,0.01443140153531675,0.0084052832386123,0.006414886544613789,0.0026367597494283,0.0026880672537825173,0.060132186854097214,0.013834780329862276,0.007649702952804569,0.005661200442913328,0.0021904403721027146,0.003573129532667689,0.06171066982623858
92,0.0024117693455205703,0.000788022694141995,4.633053098878906e-05,5.232062822970976e-05,0.002862127394311958,0.016143495768860535,0.0025671940171518005,0.0009012238528483954,5.391331883285416e-05,5.4695458367440064e-05,0.0032798512420879724,0.016558435685837116,0.014427182211448657,0.008408411428257594,0.006420294873137602,0.002641741841396225,0.0026689826160163424,0.06005871663858861,0.013842156410623247,0.007635282428684429,0.005644212643370012,0.0021841863327632057,0.0035959061306829634,0.0619284551925002
93,0.002419315023422471,0.0007949759089603538,4.6327467030264585e-05,5.2739866605631424e-05,0.0028891140324879944,0.016149415226400267,0.002537731190200131,0.000867562219261741,4.9151086934729486e-05,5.7977933185891466e-05,0.0031576886450728546,0.016600626043211192,0.01440772829565829,0.008373672646372636,0.006401817504399928,0.0026337481820654057,0.002619924229989403,0.060211509805356646,0.013826921468791671,0.007647699416758349,0.005666288599292248,0.002192176291431772,0.0035412903481091443,0.06165203491512399
94,0.002438588703143192,0.000815481524361171,4.6730334585766816e-05,5.3458365533672655e-05,0.0029680880209155104,0.016137086921429008,0.002579959743739798,0.000900963130287635,4.4411417478001495e-05,5.4005334627268334e-05,0.0033181961864615097,0.016689054261988554,0.014414699630305908,0.008390638783982277,0.006417212339138244,0.0026382271724646727,0.0026172514218710547,0.060111575593229064,0.013835003229383474,0.007642110902219055,0.005656514875763372,0.0021876085917401956,0.003567166716003647,0.061788666838159166
95,0.002398239874444833,0.0007759929518933971,4.6812052224359594e-05,5.222932578576154e-05,0.00281226494849694,0.01612844406109717,0.0026246699331423794,0.0009473089669019175,4.8071686321166526e-05,5.815796407076936e-05,0.0034806332013641414,0.016672304389663994,0.014412883536913145,0.008387305552821123,0.006413496489260047,0.0026387410201735933,0.0026177541506591678,0.06012675498416762,0.01382289558219222,0.007635468493203799,0.005658428444103965,0.002189897246679697,0.003528365184767888,0.061734051622736916
96,0.0022570672822271095,0.0006319958032870573,4.3243546203069135e-05,4.547939362156386e-05,0.0022640502415195015,0.016156628443342116,0.0024501082624714724,0.0007740899223464135,4.351020152171259e-05,4.7821775530255996e-05,0.002826675318945677,0.01665894496732224,0.014412962581479439,0.008380834695187477,0.006409427450386302,0.002634830580468083,0.0026159677704807693,0.06019223234213797,0.013818755522012137,0.00763925444931747,0.005663792170591291,0.002192158876567145,0.003517531258507799,0.061654870852063864
97,0.0022393501015885928,0.0006166716148634153,4.364761246135997e-05,4.4995235070310614e-05,0.0022021055438578773,0.01613273834637194,0.0024492794764228165,0.0007784482709561976,4.8153863784906345e-05,5.138223605172243e-05,0.0028184131563951573,0.01660715983225367,0.014416056815937254,0.00838570506527537,0.006415960043352557,0.0026351714606991867,0.002608637287379185,0.060174499477409285,0.01382931082461698,0.007641058583827451,0.005661763037562942,0.002189980803543735,0.003537220492338141,0.0617422836784942
98,0.0022610144475532445,0.0006377364030570643,4.389664941917556e-05,4.618721291473865e-05,0.002282984589620344,0.01613876369298884,0.0024478298370153285,0.0007713239719100201,4.2037159124820624e-05,4.838849030747019e-05,0.002820370277055563,0.016663794740079306,0.014405863014636216,0.008383665629806296,0.006412511219681574,0.002637168299119322,0.002610281092563161,0.06009298895290236,0.013821970119188802,0.007627651364041062,0.005649599974812867,0.0021863654497932517,0.0035394746153496015,0.06180302985012531
99,0.0022559415399568314,0.0006327125429604087,4.3605942490687064e-05,4.5768307425106164e-05,0.0022648897792362137,0.016138236564411608,0.0024635262044075015,0.0007925018808470132,4.568933828079772e-05,4.941253773256157e-05,0.0028884250981112323,0.016609082523828898,0.01442358551983848,0.00839169922444314,0.006419684567609457,0.002639500471694326,0.002609057667417981,0.06018984240744217,0.01382078679326253,0.00763657671930746,0.005659950530174776,0.0021898581108894762,0.0035267885511693284,0.06170192044467116
100,0.002246315313293311,0.0006233101788287362,4.4175629182625274e-05,4.544106842994001e-05,0.0022256560652390307,0.016135992764000906,0.002487160771404608,0.0008215292950924963,5.462220593845138e-05,5.378428893611552e-05,0.0029600597619532775,0.01655521347688941,0.01440251850448319,0.008379601698834449,0.006409143913324554,0.0026359411026926046,0.0026099489855200605,0.06010017736619453,0.013825975961457843,0.00763714959164365,0.005659058009699108,0.002188791469821948,0.0035347830957900253,0.061748066976761974
101,0.0022509760923258224,0.0006271628569524138,4.3665205968280154e-05,4.5648304197208215e-05,0.002242693990500598,0.01614406891167164,0.0025033472592417053,0.0008385671266856102,5.2115922792440055e-05,5.550294974035261e-05,0.003034798923927622,0.01654654392041266,0.01440664262936255,0.008377056339264123,0.00640714974688757,0.002633570892489113,0.002612484563688207,0.06016682320630845,0.013822270127443166,0.007636081421365723,0.005658032531219084,0.0021892319002337246,0.0035337320087143243,0.06172173617121119
102,0.0022543910790211808,0.0006311009499678434,4.379189913042528e-05,4.5907756929757594e-05,0.0022574206835728277,0.01613885142127581,0.0025107278846777403,0.0008441153854036179,5.040399077981233e-05,5.541763363371735e-05,0.003064010280351608,0.016564880014182284,0.014408221334667393,0.008382967599943556,0.006413131731312239,0.0026360945382664256,0.0026071544048192415,0.06012354545111274,0.013819987485662866,0.007634515312906259,0.005658826815889393,0.002190218675679763,0.00352231687746751,0.06171453094635254
103,0.0022507295085053983,0.0006274223993431754,4.37730818759272e-05,4.5395097660932355e-05,0.0022438070761976923,0.016138987276519155,0.002474983085472232,0.0008036219052230128,4.524499905901627e-05,5.244871410981525e-05,0.00292861019858183,0.016612449863877814,0.014405416479955116,0.008379920581959325,0.0064107330467833646,0.002636064258605288,0.0026046213978487584,0.06012594343427523,0.013820561252009029,0.007628305507704425,0.005653405037661194,0.0021863581332581816,0.003526885343046907,0.06178239584924319
104,0.0022566436044728086,0.0006329014456836668,4.359000329848776e-05,4.60990930060902e-05,0.0022650475830794025,0.01614333548364632,0.0024455003544855383,0.0007748955439847822,4.718419199306458e-05,5.271228334235135e-05,0.0028054208333532396,0.01660492474762484,0.014409589355547026,0.008383873624103373,0.0064127761263394565,0.00263822617377212,0.002607937813104119,0.06012811123129026,0.013825568477981366,0.0076393869523412716,0.005658743884874313,0.0021897258843054236,0.0035431205939788083,0.061721602824922554
105,0.002186034861046614,0.0005629547225975397,4.3267884809020076e-05,4.351914467294176e-05,0.001991709059730954,0.016136744588521528,0.0024177546833808986,0.0007462378140562811,4.5846852373916845e-05,4.912423588766848e-05,0.0027033153724355195,0.01661416656600359,0.014397122320880033,0.00837175705345106,0.006410044899108291,0.0026368280918693835,0.0025731924846538424,0.060124662049390654,0.013818692192077063,0.00762863732719173,0.00565640553787279,0.002187897231497351,0.003513133171229408,0.0617603677778672
106,0.002176049497426936,0.0005530842871298829,4.2925223377456004e-05,4.325911068906548e-05,0.0019541180345522997,0.016135591792264654,0.002382663995003662,0.0007125532824713259,4.5756755496721525e-05,4.908367466272559e-05,0.002569018746726215,0.01659994476880783,0.014402756122527298,0.0083763442098531,0.006415275158719907,0.0026372326018768767,0.002569811040662045,0.06013509896756322,0.013820140658376308,0.007631856946644779,0.005659160375543228,0.0021886756621358637,0.0035134347525831214,0.06174264047056054
107,0.002174443445659967,0.0005519260072262877,4.289365317702134e-05,4.329926985991295e-05,0.001949530879587487,0.01613113535338162,0.0024014144213511967,0.0007321030671636646,4.764524366971902e-05,4.868973248962086e-05,0.002640451826990988,0.01659195305994497,0.014403296900441709,0.00837982106913617,0.006417904299594761,0.0026382725516242195,0.0025711220374365373,0.060105718913729546,0.013816251897085935,0.007625542858687158,0.005655534968937923,0.00218767952341855,0.0035046720996690104,0.06176688596128653
108,0.0021793564215998084,0.0005564196992817875,4.292919881809661e-05,4.308956603841737e-05,0.0019677828722144764,0.01613533625057266,0.0023913519346537306,0.0007255541239805424,4.914807557445154e-05,5.084448005222023e-05,0.0026039352539019324,0.016556904119893145,0.014398711647286459,0.008371922548250928,0.00641005644883765,0.002638550528596776,0.0025703632890787206,0.06013883356533853,0.013818134201499514,0.007626235447764301,0.005655892465046446,0.0021875456123570283,0.003506280517635437,0.06177876106439493
109,0.00218049691196669,0.00055722592344269,4.2878207447453555e-05,4.328270706874146e-05,0.0019708254462953104,0.016138663955239788,0.002507855081393455,0.0008413694643725952,4.958474864207137e-05,5.5203360226676945e-05,0.0030567321496514175,0.01656379124436241,0.014406678591636413,0.00837763582742888,0.006416112884813,0.0026390698544729936,0.0025679520510976423,0.06016137747576943,0.013816109219661508,0.007628061356416975,0.005654397385791153,0.002188010264385062,0.0035186353414200055,0.061740307041849844
110,0.002182664974509267,0.0005583052772613254,4.294989620025319e-05,4.3275215987559484e-05,0.0019748711007802435,0.01614949345462208,0.002441792033958989,0.0007707509152495709,4.6409766011306485e-05,5.051494712787621e-05,0.002796334727929953,0.0166093514014322,0.014399320868786746,0.0083750808305383,0.006414174870803469,0.00263669015678008,0.002570243374829721,0.06011335259694376,0.013818282132538466,0.0076308043431848865,0.0056566241898904895,0.0021888849524913942,0.0035189508627622556,0.06173461301920888
111,0.0021813901045710355,0.0005584408275432379,4.299258377198575e-05,4.336202538171266e-05,0.0019750689241868433,0.016135434737934926,0.0023924214228128013,0.0007207908276587916,4.4302514127663853e-05,4.846256128169047e-05,0.002609028119761019,0.016615146233771857,0.014396077602595828,0.00837048543164403,0.006410202013262559,0.0026367375293723594,0.0025676585903483223,0.06012689522869977,0.013816757527633738,0.007627252443060757,0.005653515720717759,0.002187624552765882,0.003519698016297741,0.06175487535074353
112,0.002179782274595956,0.0005571700314226572,4.300772489942675e-05,4.320481665122372e-05,0.001970239591218508,0.01613209932686094,0.0024007322215952743,0.0007271395103695492,4.45772735498068e-05,4.753104701357631e-05,0.0026351868783911834,0.0166349368981826,0.014403574782377684,0.008370888980686159,0.006410716331124099,0.0026363472102668402,0.002567996109985275,0.0601978044565997,0.013819115949818531,0.007632099463640211,0.00565895874644458,0.002189160015404923,0.003514242621186452,0.06172995701527748
113,0.00214242870325832,0.0005200342157529379,4.274207479138118e-05,4.229363679050836e-05,0.0018245812895690539,0.016129893762415942,0.002377546037165209,0.000708459445890278,4.619066780483431e-05,4.812818149683806e-05,0.0025528187517267773,0.016589667833147522,0.014410540583704449,0.008383554308014105,0.006419795199533074,0.0026420553058190384,0.0025709258071951752,0.06014083148796617,0.013818501241099184,0.007630609296775686,0.005659844903512306,0.0021894213383721085,0.0035042151366957487,0.06173868426002371
114,0.00214488583366835,0.00052150255529049,4.218795444934204e-05,4.215626116957189e-05,0.0018329458817103763,0.01613976085776992,0.0023671530219965065,0.0006983511385698923,4.706960898823663e-05,4.857800876123246e-05,0.002507970086298883,0.01658691733311384,0.014395090833271819,0.008365881075956112,0.006410356244161426,0.0026354882246340384,0.0025511227884433335,0.06016303259695386,0.01381397935955857,0.007625259099325213,0.005656482305242277,0.0021884110464713722,0.003498285059602215,0.06174699670802324
115,0.0021430903479433905,0.0005204532365350593,4.26027391925199e-05,4.2432516783051535e-05,0.0018265369627768473,0.016132322735049658,0.002374119805888488,0.000707426711391562,4.8771603383685055e-05,5.0263668760099114e-05,0.0025340931084102546,0.016565729129629638,0.014400807161884452,0.008375027541784041,0.006418622651117291,0.002638183477285094,0.0025492527667306548,0.06012877128604385,0.013816619760547884,0.007626907714905265,0.005653936130609229,0.0021876815626455937,0.00351652301227053,0.06175693793174548
116,0.0021425915905705618,0.0005200969386395975,4.270096535576697e-05,4.235280858878985e-05,0.0018248782819424423,0.016130899803506002,0.0023783490133400145,0.0007054712750220624,4.2869747770824826e-05,4.724700696757421e-05,0.00255591210980828,0.016627678444656808,0.014396502706797126,0.00837052481200109,0.0064137112670851135,0.002638414006794869,0.0025504261627505866,0.0601307215962421,0.013814703313609919,0.007622615268561416,0.005654713213446554,0.0021872794901029034,0.0034970492482758486,0.06178066901002939
117,0.0021407877171935263,0.000517703155321529,4.2299665785973095e-05,4.206733554405847e-05,0.0018174792841122841,0.01613676392496276,0.0023812375461252835,0.0007145461060691816,4.8518739696681645e-05,4.9692520032971144e-05,0.0025647244272896876,0.016565725434189424,0.01440533003223669,0.008371477622185248,0.006414718007206066,0.0026389968098769322,0.0025490449416669613,0.06020943504286769,0.01381456386596442,0.007627128663723572,0.0056564522115084585,0.0021884890801373283,0.0035057278314175513,0.061734172682731576
118,0.002143916460889518,0.0005207629709965895,4.256161678818494e-05,4.243221334305687e-05,0.0018279409926401935,0.01613742907612044,0.0023777529265946494,0.0007100547372829169,4.731571804465299e-05,4.980687541925969e-05,0.002551342321870228,0.016575857089498103,0.014397902018965486,0.00837378945765028,0.006416586811588157,0.002639244873411551,0.002550320767360613,0.06011210340592596,0.013816996134268358,0.00762513430060771,0.005655574776355001,0.002187334726980995,0.003503568034666853,0.06177840292310485
119,0.0021379329928881085,0.0005152943279280867,4.2737576857262744e-05,4.2359460672337766e-05,0.0018055080799069716,0.01613229311094332,0.0023769652963472675,0.0007078567063077711,4.682239400958329e-05,4.937143538159151e-05,0.0025453943795023058,0.016589908269592203,0.014389689112036133,0.008366672660620814,0.006411028165732407,0.0026372479167795612,0.002548082101440494,0.06010117465745152,0.013813800632189482,0.007627659792211862,0.0056578249447435764,0.002189045972838171,0.003501247071350614,0.061721219084201716
120,0.002139513362141579,0.0005169144239101306,4.2505213160539926e-05,4.226090921876653e-05,0.001813115024605743,0.01613193097593332,0.0023763704215152524,0.0007040625361976429,4.353768221895175e-05,4.753549434938647e-05,0.0025470284237645757,0.01662195658382888,0.014393933640540015,0.008368706646487463,0.00641298309769079,0.0026372086781689345,0.0025484767148880585,0.060123226766325075,0.013814522747475749,0.0076268398298475985,0.005657451143727088,0.0021885614033892173,0.003500431531276076,0.061736651063443
121,0.0021199848744328374,0.000497678557520784,4.253899150744137e-05,4.185903298441841e-05,0.0017368401926051089,0.01612900583257462,0.0023616417639482864,0.0006944172335072205,4.796248780481759e-05,4.8715896180230906e-05,0.0024883871933875177,0.016571106693635766,0.014394069160909656,0.00837075119021774,0.0064145478877716084,0.002639129917233619,0.002546553400828055,0.060104170710676245,0.01381288518388875,0.007621014299683082,0.005654757229328821,0.002187403324382896,0.003490221394130435,0.06177847611550719
122,0.0021233190484143748,0.0005004986291348842,4.2417754982271156e-05,4.185563725682355e-05,0.0017486122245670376,0.016134130955317322,0.002361196294749299,0.0006938531162002339,4.7045725260921666e-05,4.846534205008095e-05,0.002490298888192345,0.016572260279924825,0.014394741917868364,0.008367361749499392,0.006412856852640053,0.0026354722123173423,0.002547075159928221,0.06014475025190615,0.013814358243670983,0.007624284165780036,0.005652904841927244,0.0021871609975418183,0.0035111951128316997,0.061760580991036616
123,0.002121195490658858,0.0004984091814279694,4.246409070006332e-05,4.1701486427175245e-05,0.0017403773902369272,0.01613376162842744,0.0023867354268590226,0.0007144511171365873,4.387751961332516e-05,4.7179538365199755e-05,0.0025879353081855253,0.016621690625563647,0.014393649689197817,0.00836615006936668,0.006411760798253027,0.0026353183935430868,0.0025469203685111377,0.06014594594361605,0.013812296089525215,0.007625215706260254,0.005656823110513916,0.0021886981490892,0.003496174187136766,0.06173061580659869
124,0.002122458806735705,0.0004998672964485408,4.246160329380978e-05,4.193600619337191e-05,0.0017457507578742312,0.016131848375669416,0.0023678295532217584,0.0006976710029471761,4.546986463957672e-05,4.783123362218388e-05,0.002513142090696746,0.016600434644482076,0.014393005622148422,0.0083645192890451,0.006409803693927249,0.002636628666494536,0.002545605084490905,0.06015583767015257,0.013813918423600113,0.00762384757399559,0.0056543745402637,0.002187236444931328,0.0035034190827550795,0.06176051283732821
125,0.0021206560263691905,0.0004976371875037094,4.25845696554461e-05,4.17544424860274e-05,0.0017367015865108251,0.016136115796312137,0.002367591779404439,0.0006997689928632611,4.751002540778688e-05,4.8812485450374275e-05,0.0025114109142659567,0.016577129091064517,0.014400775390562176,0.00837108550771473,0.00641698822060048,0.0026359120276066715,0.002544565145702412,0.060167818456704235,0.01381269566869984,0.00762288295216142,0.005656085009785527,0.002188129060577455,0.0034909334976990255,0.061757924393392526
126,0.0021190189901612883,0.0004956693055085194,4.2292897668866555e-05,4.1640804513996425e-05,0.0017302240159529272,0.01613944770630311,0.0023650780367927672,0.0006968911687950962,4.763194751014966e-05,4.919240620018592e-05,0.002498652072599492,0.016580781833722424,0.014397962577928455,0.008372575222848006,0.006418188370226733,0.0026369773558941726,0.0025435926573764947,0.06012483061877666,0.013813075063248666,0.007624730754357118,0.005657824891596437,0.002188723790403366,0.003490175622013899,0.06174323122757368
127,0.0021191142868814,0.0004963423528767444,4.243126176457556e-05,4.172364447466536e-05,0.0017321970824721372,0.016133650444608964,0.002358785034933438,0.000688590380237796,4.5120971371477186e-05,4.742456379365952e-05,0.00247902851492071,0.016600775383174036,0.01439447297691655,0.008368201679578855,0.006414059962054001,0.002636795710983548,0.0025429753306390785,0.06013368093121199,0.013812901902919969,0.007624323699229325,0.005656628872458942,0.002188416404421262,0.0034939462665277412,0.061745593312363595
128,0.0021203452962692136,0.0004971481090408669,4.226732723094037e-05,4.1705176443676105e-05,0.0017361127718259798,0.016137884461240454,0.002366434252904489,0.0006993301668001387,4.8110628622219876e-05,4.9348813823039214e-05,0.002506180520121677,0.016569881891019832,0.014403796878378883,0.008375393511313532,0.006421229344674812,0.002640660715118384,0.002535335341594929,0.06015498894784185,0.013813576852090849,0.007626637100027158,0.005655749712530404,0.0021883612219262896,0.003506827120406505,0.06172923586116387
129,0.002117623786304008,0.0004952063641717865,4.239628506296373e-05,4.1678150567203836e-05,0.0017278840155254497,0.016130125814082998,0.002359589785695649,0.0006882191228214651,4.47471250201768e-05,4.68522944291367e-05,0.002480183402673365,0.01661259454722779,0.014396120081253258,0.00836687809090636,0.006413511414854086,0.002638397602160335,0.0025366715329446267,0.06016337931340123,0.013813861200991923,0.007623815977683243,0.005654649893166117,0.002187579508758156,0.0035015053044144926,0.0617602648667227
130,0.002117958627310639,0.0004954335559482893,4.253076792933208e-05,4.172496910317101e-05,0.001728161217653434,0.016131186478391842,0.0023609070116295838,0.0006915091123515501,4.6809649983259034e-05,4.861273154323825e-05,0.0024815723807431567,0.016592816569102116,0.014407615895946453,0.008376637642576509,0.006423430532047433,0.002639117575233319,0.0025345933548876166,0.06018072016031286,0.013812338181126576,0.007623483376123776,0.005654704352099753,0.0021877586467524404,0.0034995984035329176,0.06174837566243532
131,0.002117688881871463,0.0004955052751523189,4.235645547166235e-05,4.174462948732845e-05,0.0017291060170980838,0.016127782304667763,0.0023571410132810855,0.0006887688359711319,4.695069029390325e-05,4.8335838399884196e-05,0.002470600914257841,0.016582526380005173,0.014395471680966884,0.008371097586882289,0.00641881823819993,0.002637115944023129,0.0025348854200903004,0.06011471308675813,0.013812728778411372,0.007623022296824134,0.005655114428568945,0.002187560153451602,0.003496510997557869,0.06175687146158172
132,0.0021174009777979214,0.0004950205010022784,4.237233658532654e-05,4.168719493059648e-05,0.001727218266122365,0.016129737167998596,0.002369301875706953,0.0006968616336309471,4.289651018879317e-05,4.6447773060301704e-05,0.002522964943916752,0.01662325376095489,0.014388579955715457,0.008362441035174408,0.006409879025060361,0.00263727867162361,0.002535690773381955,0.06013235944196766,0.01381267719448377,0.007622839856104782,0.005655355437715442,0.0021878811756976526,0.0034941752644208,0.06175817881161586
133,0.00211827985670728,0.0004953230435839268,4.2291172166535686e-05,4.17013639485554e-05,0.001728724755841181,0.01613546064824878,0.002361284351000228,0.0006917565247605148,4.570549153635138e-05,4.7631414744477624e-05,0.0024889413153943727,0.016594181505915444,0.014387156788466705,0.008362578838937169,0.0064107775709729775,0.0026361425082058426,0.0025349200881419724,0.06011676845819126,0.013812777084799914,0.007624770811675355,0.005656358366813481,0.0021883239081104807,0.0034970017806746257,0.06173988346917889
134,0.0021164598116610936,0.000493731563583873,4.247375218929611e-05,4.172486035679833e-05,0.0017215815242696093,0.01613320023637771,0.0023552281468605194,0.0006858951162893134,4.600393806005088e-05,4.772168904310092e-05,0.0024641213478902592,0.016592139336399924,0.014400152667759009,0.00837354281095121,0.006421004565372305,0.0026393518544213248,0.002531449125079369,0.0601370707154274,0.013811329221472336,0.0076223842214601925,0.00565547124372246,0.002187893445667354,0.0034918651844446477,0.06174926666351847
135,0.002116711050297858,0.0004932618613554636,4.221571675827116e-05,4.1618534918665386e-05,0.0017209475116953714,0.01614041188386855,0.0023611433899555453,0.0006914359557693108,4.658265177754518e-05,4.83284680880248e-05,0.0024827562887460375,0.016595912649511144,0.014386701147520432,0.008361107130092282,0.006411642496931125,0.002634034041505031,0.002529790396457193,0.06012692981985984,0.013812345957073072,0.007623415967174925,0.005656170488551792,0.002188038361614767,0.0034929051672896515,0.06174911632656287
136,0.0021172523344751954,0.0004939971521157587,4.251776929070022e-05,4.181127065681654e-05,0.0017222949874265419,0.01613846967962605,0.0023554909857921302,0.000684315870808533,4.456258580504278e-05,4.685201369843876e-05,0.0024653091065537855,0.016610581433782592,0.014386264355795712,0.008360385191253168,0.0064093512249391894,0.00263693720949555,0.002530261551541633,0.06012977987389873,0.013812182811447062,0.007623718030607471,0.005655892241054225,0.0021881049524381524,0.003495093411168991,0.0617444632240595
137,0.002116302727508922,0.0004936199130261903,4.2440179163630675e-05,4.1699496104689544e-05,0.0017213199411973035,0.016132784501453976,0.0023611049728993424,0.0006908804449873666,4.430358468454916e-05,4.717021912279634e-05,0.0024919669854287538,0.016601094820847113,0.014398870726667897,0.008369988955867788,0.006418095684587312,0.002638392071713935,0.0025307887936597347,0.06015978164878892,0.013812057602290925,0.007623722448419684,0.005655995936439677,0.0021881349687016783,0.003494635887014178,0.06174317076324652
138,0.002117524944665485,0.0004943419977437624,4.22609210028985e-05,4.166822720525275e-05,0.001724987850599221,0.016137726630808577,0.002365201013162732,0.0006955114293258446,4.503321378461596e-05,4.8188710607997236e-05,0.002505535441928376,0.016595783983715452,,,,,,,,,,,,
139,0.002113345870676301,0.0004913896118523553,4.2435551154927385e-05,4.175405373318404e-05,0.0017123081330439928,0.01612549796298054,0.0023555878612499396,0.000685935425094496,4.5738359054107255e-05,4.723967047026142e-05,0.0024663089111877177,0.016595285009736054,,,,,,,,,,,,
140,0.002113769861386606,0.0004921868251439724,4.242237131912577e-05,4.161738263940572e-05,0.001715823047561571,0.016121790014253356,0.0023661014498569644,0.0006978411431937742,4.687693892544932e-05,4.8952136915968134e-05,0.002505952569966515,0.01658145188449476,,,,,,,,,,,,
141,0.0021148074265960374,0.0004918756212084842,4.2603214425958236e-05,4.17022220287357e-05,0.0017136851811413597,0.01613519649182297,0.002357156962180176,0.0006880877645483288,4.572536545310868e-05,4.798036491429696e-05,0.0024734888798915423,0.016589470559922166,,,,,,,,,,,,
142,0.0021123008207521504,0.0004889084379954757,4.206801815913131e-05,4.152536253676783e-05,0.0017043109559224067,0.01613982033306434,0.0023625157877970007,0.0006933296576906473,4.6228170970444364e-05,4.850117595476779e-05,0.0024914035860162517,0.0165906849806794,,,,,,,,,,,,
143,0.0021032621892870485,0.0004806588326629688,4.213430596185693e-05,4.139671461787118e-05,0.0016713046797919144,0.01613197938458603,0.002351880700399096,0.0006828521832059592,4.6098618720582e-05,4.8044184157520365e-05,0.002450925877126746,0.016589104544180326,,,,,,,,,,,,
144,0.0021029316592403907,0.00048090426239075804,4.2272152594379784e-05,4.1460699069122915e-05,0.001671607043798208,0.016126195767917382,0.002358850437956743,0.0006891468917437566,4.541018310751847e-05,4.76877342011087e-05,0.0024795713565813806,0.01659589802297071,,,,,,,,,,,,
145,0.002103517051530358,0.0004809716473697156,4.235031049878065e-05,4.1458673220202196e-05,0.0016715680004706906,0.016131363639516044,0.0023518368088377593,0.0006836811356688252,4.682826957856051e-05,4.8629108464527424e-05,0.0024501532405758132,0.016580400510858267,,,,,,,,,,,,
146,0.0021023021322491083,0.0004803809627637635,4.234425405566408e-05,4.143724737770282e-05,0.0016692723417050998,0.016125152387690765,0.0023536738918688246,0.0006845668152285119,4.5956959195628326e-05,4.777455330603959e-05,0.0024588903119692053,0.016589890813263945,,,,,,,,,,,,
147,0.0021031859383291713,0.0004799452147347404,4.209291086069389e-05,4.131540091282345e-05,0.0016687784144902072,0.016138318486304745,0.0023490431351372255,0.0006791117230955607,4.536089672677544e-05,4.7205252951990144e-05,0.0024405927934612217,0.016598143590948522,,,,,,,,,,,,
148,0.0021047392924011536,0.0004822961656580806,4.228907281696907e-05,4.144808017259987e-05,0.001677132208391817,0.016130344741000436,0.002357590365975809,0.0006895525312313858,4.7131318332013994e-05,4.851252649528667e-05,0.002472659784894532,0.01657923536661726,,,,,,,,,,,,
149,0.002103729917305625,0.0004802095668927916,4.2311514143987966e-05,4.143749329496468e-05,0.0016687172224290991,0.016141067414234083,0.0023511382228790377,0.0006815305058784687,4.556773552767715e-05,4.774737634505026e-05,0.002448356340233332,0.01659489194981945,,,,,,,,,,,,
150,0.0021036588809636918,0.00048111577178380327,4.2312803442554367e-05,4.151452770392895e-05,0.0016721828174518628,0.01613134403862519,0.002352405108141307,0.0006834244809280604,4.6599575421752e-05,4.787797964430259e-05,0.002451543666374607,0.016588630924861018,,,,,,,,,,,,
